task,setting,target_auc,ref_auc,TaskFit,q_shift,pilot
ebola,later,0.4917791970759694,0.42774971752215407,0.4143852319981021,0.05360214090331321,0.8023553654190373
ebola,random,0.8669824216044831,0.8968282951962787,0.5567539970062052,0.8283965122643298,0.7705583564778895
gambia,random,0.6227307253777842,0.6428192898781134,0.8308264286056295,0.8157618992018371,0.5880709359304684
gambia,site0,0.5615476729960739,0.5744922134581492,0.5324715315215017,0.04960442896746892,0.6085704672245796
gambia,site1,0.5304495356155547,0.5360436347278452,0.7277572482635059,0.4106937219147436,0.5791171153128929
gambia,site2,0.5316228719921428,0.5508323170731707,0.6314341769771891,0.12487312838185897,0.5788359348077916
hivgot,random,0.7426342707769688,0.7572472087928455,0.8685818580998323,0.862517818545832,0.6720943759935262
hivgot,site0,0.7766201153361324,0.7867571886569594,0.8227253179543117,0.7130475201231716,0.655478911698204
hivgot,site1,0.7314350225518259,0.7499512099921937,0.830820867078167,0.7660076339052799,0.6651491895652342
hivpos,random,0.49558090888243644,0.5770911813001062,0.7954138196418628,0.8412563256488669,0.5222896656391248
hivpos,site0,0.5260655120082355,0.6139402718965902,0.7668318161665387,0.715306588225219,0.5231124501233246
hivpos,site1,0.5302452182616214,0.6395244185495713,0.8147329484089343,0.7898920353082431,0.49551741238786345
saheart,random,0.7377178922059707,0.830762038335671,0.6890159987212202,0.7833443805885859,0.6228277564909934
