factor,level,retention,TaskFit,pilot,q_comp,q_mnar,q_size,q_label,q_rep,q_shift,q_time
frac,0.1,0.9526165999880722,0.7486894189490614,0.6810102091966361,0.9945613825539,0.9420082346300384,0.5344735872162217,0.9540022426454866,0.8458791417213435,0.9484790513027229,0.8008391485495243
frac,0.25,0.982787136143037,0.8021176222687095,0.7036800592624015,0.9949083631560779,0.9468738698328165,0.7406895541919734,0.9445807560864571,0.9131342232185492,0.9858338607589773,0.8000784545116222
frac,0.5,0.9944156490585834,0.820682722510704,0.7113185575768232,0.9945717932478128,0.9489010986743985,0.8593682132741483,0.9409212142453123,0.9278941696667666,0.9571777774619515,0.8
label,0.05,0.9984693756245321,0.8359090521913002,0.6886198436351151,0.9947572922652586,0.9567653943942097,0.934729413695718,0.9118561358809035,0.9503276687751366,0.9658874806776049,0.8
label,0.1,0.9883269384002117,0.8357639527330801,0.6529626826803138,0.9945823075540665,0.9616067276082708,0.9373021103249524,0.8720348632310311,0.9503276687751366,0.9658874806776049,0.8015205248734112
label,0.2,0.9681048863403314,0.8423429348046056,0.6072545778429385,0.9943391072224138,0.9739083115249407,0.9402989382482855,0.8012534269532073,0.9503276687751366,0.9658874806776049,0.8084981369911527
label,0.3,0.9374128963754728,0.8405441825325324,0.5642501535385143,0.9941972718226689,0.983241754909543,0.9419057931493992,0.7213041678496114,0.9503276687751366,0.9658874806776049,0.8267490193137269
mcar,0.1,0.9936938077759919,0.8211234460299831,0.699931806026131,0.8946254041430923,0.9239374968792687,0.9270237785519265,0.9381579371881474,0.9503276687751366,0.9658067953308639,0.8
mcar,0.3,0.9835520990804288,0.8248359710899926,0.6743206973894512,0.6971260914106663,0.9294512679064462,0.9270237785519265,0.9320177911796802,0.9503276687751366,0.9705325350396253,0.8113959695630487
mcar,0.5,0.9826928452952497,0.810713044823534,0.6480030452818035,0.4973091613737908,0.9441214800822778,0.9270237785519265,0.9259385835579259,0.9503276687751366,0.9751845520509448,0.8192634699581005
meas,0.5,0.9997213139513121,0.8520448927131595,0.7122804554264548,0.9946742432030351,0.9476877156488653,0.9270237785519265,0.9322487952115532,0.9503276687751366,0.9649609428559414,0.8023921485247393
meas,1.0,0.9813185193396182,0.9087407840237129,0.6865355779349608,0.9943464296767549,0.9476877156488653,0.9270237785519265,0.9145109642339749,0.9503276687751366,0.9687560332213426,0.8313075272390389
mnar,0.3,1.002815687278428,0.8284028598183499,0.7242044941468999,0.971651577904791,0.9090411925253329,0.9270237785519265,0.9409879985297245,0.9503276687751366,0.9363409574877143,0.8
mnar,0.6,1.0070487482909514,0.8798312178275639,0.7249230288090474,0.9472322176041994,0.8627850969637194,0.9270237785519265,0.9409754694555289,0.9503276687751366,0.8776367060522596,0.826942319544918
pos_keep,0.1,0.9639868489898284,0.872767282732594,0.6709486551010458,0.9966237228554932,0.932889637686611,0.6187989627800187,0.9908795290121518,0.9990411964665092,0.8481197056052887,0.9293047909672241
pos_keep,0.25,0.9914491260958056,0.8747243878863359,0.705260977922219,0.9960096283649637,0.9425820037268845,0.7639480437023628,0.974456565827313,0.9903769380070055,0.9080086773124072,0.8430881785443464
pos_keep,0.5,0.9993707876764621,0.8282955606645993,0.7107716347338088,0.9955042389843154,0.9479072412693234,0.8614228324603617,0.9508329836144175,0.9768063856699005,0.9396615155858525,0.8
selbias,0.5,0.9673071196911444,0.8746123317246354,0.7132149671348932,0.9938716621509047,0.9577517529197788,0.9345118407778263,0.9395320270917457,0.8527298375567203,0.8461969596808632,0.8375091320228151
selbias,0.8,0.9551939038728076,0.8882275510682208,0.69783440475156,0.9933774848602669,0.9593258575958106,0.9401380151735288,0.9336750313208935,0.7901940910571167,0.7608278470805573,0.9265229493036519
sub_keep,0.05,0.9359857440911103,0.5198982190406106,0.7066048949016219,0.9907791509183854,0.944654319819264,0.8973999853345898,0.9330656304320206,0.06016091251974376,0.6237144473726884,0.8
sub_keep,0.2,0.9527169526347249,0.6669085959720923,0.7059705648043946,0.9915651941461214,0.9452173828015134,0.9029376941193239,0.9404682710496917,0.27375095350546397,0.7142207925245448,0.8
sub_keep,0.5,0.980531455495576,0.7675802192121126,0.7154439545041307,0.9931013508316181,0.9462741429959776,0.9120799547556561,0.9382635116170079,0.5915313387299806,0.8570251285528538,0.8
