task,setting,q_comp,q_mnar,q_size,q_label,q_rep,q_shift,q_time,TaskFit,pilot,target_auc
saheart,random,1.0,1.0,0.6650752150024305,0.9655442729007279,0.855018738797458,0.9564558879212419,1.0,0.9120959027122082,0.7325610677411232,0.830762038335671
gambia,random,1.0,1.0,1.0,0.8483992911652386,0.9296582397003745,0.9250894187094283,1.0,0.9559692101795895,0.645055525727734,0.6428192898781134
gambia,site0,1.0,1.0,1.0,0.8488469236131406,0.9254997608799618,0.021839115285562594,1.0,0.5594705714361419,0.6750701059378617,0.5744922134581492
gambia,site1,1.0,1.0,1.0,0.8327391200450317,0.9258204334365325,0.4951540616246499,1.0,0.8714725758605805,0.6439816631415747,0.5360436347278452
gambia,site2,1.0,1.0,1.0,0.9122198686413238,1.0,0.07146384479717804,1.0,0.6770145251148391,0.6330803075812372,0.5508323170731707
hivgot,random,0.9823996574567445,0.9739771487894924,1.0,0.9335567709277734,1.0,0.9596466518070805,1.0,0.9782307121929197,0.7556950139101932,0.7572472087928455
hivgot,site0,0.9822670654400459,0.9757226771040559,1.0,0.9337198296008967,0.911524500907441,0.810479753218373,1.0,0.942597219479385,0.7418226670052543,0.7867571886569594
hivgot,site1,0.9849019504433479,0.976389938691526,1.0,0.935319177151536,1.0,0.8778728960389861,1.0,0.9668163083175565,0.7612685815066768,0.7499512099921937
hivpos,random,0.994435346786871,0.982682770756679,0.9700436777572019,0.9621258963229301,0.9902040933407913,1.0,1.0,0.9855458405023912,0.5977383618621019,0.5770911813001062
hivpos,site0,0.9963358777415563,0.9983518860603895,0.9863411595557838,0.9611741806396391,0.9120211150460329,0.8299894713580211,1.0,0.9529830210048869,0.5766063960555139,0.6139402718965902
hivpos,site1,0.9965988949795,0.9955001589617758,0.9485927904818902,0.9632279818413004,1.0,0.8863535835953504,1.0,0.9692267203052248,0.5239420890022906,0.6395244185495713
ebola,random,0.9965615482997177,0.781778658698155,1.0,0.9929575579519583,0.9767572720370591,0.9882454449502736,0.0,0.3575279624707936,0.8944035352848088,0.8968282951962787
ebola,later,0.9907471998217929,0.23987589365944273,1.0,0.9967914248360046,0.8082004927261738,2.8466031995799668e-05,0.9705929155546331,0.2930999278163997,0.9276762383656608,0.42774971752215407
